ID,URL,Text Size (KB)
1,https://www.cnblogs.com/guoxiaoyu/p/18164602,21.11
2,https://www.cnblogs.com/jzcn/p/18163898,41.13
3,https://www.cnblogs.com/ruipeng/p/18163423,29.7
4,https://www.cnblogs.com/huaweiyun/p/18164996,29.47
5,https://www.cnblogs.com/yucloud/p/18162832/Linux_kernel_driver_SPI,58.17
6,https://www.cnblogs.com/Can-daydayup/p/18164905,26.28
7,https://www.cnblogs.com/JavaBuild/p/18164898,23.12
8,https://www.cnblogs.com/evesama/p/18164775,17.48
9,https://www.cnblogs.com/tcjiaan/p/18163320,42.33
10,https://www.cnblogs.com/xiaowange/p/18164407,19.84
11,https://www.cnblogs.com/edisonfish/p/18164319,20.77
12,https://www.cnblogs.com/Java3y/p/18164221,19.12
13,https://www.cnblogs.com/charlieroro/p/18128412,53.13
14,https://www.cnblogs.com/mengrennwpu/p/18164027,32.55
15,https://www.cnblogs.com/lubians/p/18164001,22.67
16,https://www.cnblogs.com/yunqishequ/p/18163905,27.22
17,https://www.cnblogs.com/wuhanjiayou/p/18163708/moments,21.55
18,https://www.cnblogs.com/BNTang/p/18163682,24.48
19,https://www.cnblogs.com/i4004/p/18163612,21.51
20,https://www.cnblogs.com/wang_yb/p/18163596,22.24
21,https://www.cnblogs.com/xiadao521/p/18163513,52.93
22,https://www.cnblogs.com/paw5zx/p/18163483,20.53
23,https://www.cnblogs.com/wangzhongyang/p/18163391,22.66
24,https://www.cnblogs.com/sheng_chao/p/18163373,19.68
25,https://www.cnblogs.com/marsitman/p/18163209,20.69
26,https://www.cnblogs.com/kakarotto-chen/p/18163170,22.38
27,https://www.cnblogs.com/wlovet/p/18163178,45.19
28,https://www.cnblogs.com/zjucys/p/18163064,29.24
29,https://www.cnblogs.com/didispace/p/18163042,19.93
30,https://www.cnblogs.com/lzhdim/p/18148890,53.49
31,https://www.cnblogs.com/huaweiyun/p/18163003,38.8
32,https://www.cnblogs.com/guoxiaoyu/p/18149525,21.6
33,https://www.cnblogs.com/aaronlinv/p/18162050,21.3
34,https://www.cnblogs.com/JavaBuild/p/18162934,21.63
35,https://www.cnblogs.com/python120/p/18162859,27.33
36,https://www.cnblogs.com/xueweihan/p/18162468,38.26
37,https://www.cnblogs.com/xiao2shiqi/p/18162913,23.54
38,https://www.cnblogs.com/Can-daydayup/p/18162360,28.98
39,https://www.cnblogs.com/rottenorange-cn/p/18162735,20.94
40,https://www.cnblogs.com/henjay724/p/18162722,21.34
41,https://www.cnblogs.com/jackieathome/p/18162458,21.21
42,https://www.cnblogs.com/-867259206/p/18162266,23.23
43,https://www.cnblogs.com/CH13hh/p/18162356,27.52
44,https://www.cnblogs.com/didispace/p/18162337,20.47
45,https://www.cnblogs.com/halflife/p/18162222,23.02
46,https://www.cnblogs.com/pythonista/p/18162163,17.81
47,https://www.cnblogs.com/Iflyinsky/p/18162137,29.49
48,https://www.cnblogs.com/yucloud/p/18157014/Linux_Kernel_I2C,39.58
49,https://www.cnblogs.com/xuzeyu/p/18161896,18.83
50,https://www.cnblogs.com/aqi00/p/18132702,48.78
51,https://www.cnblogs.com/didispace/p/18161784,17.96
52,https://www.cnblogs.com/passion2021/p/18161186,30.0
53,https://www.cnblogs.com/CH13hh/p/18161135,22.69
54,https://www.cnblogs.com/ruanchunyi/p/18161029,20.38
55,https://www.cnblogs.com/morec/p/18161023,32.58
56,https://www.cnblogs.com/joy99/p/18160974,76.21
57,https://www.cnblogs.com/edisonfish/p/18160919,23.04
58,https://www.cnblogs.com/xiaowange/p/18160894,32.14
59,https://www.cnblogs.com/shudaoshan/p/18160887,23.86
60,https://www.cnblogs.com/androidsuperman/p/18160848,24.42
61,https://www.cnblogs.com/jiujiubashiyi/p/18160827,26.97
62,https://www.cnblogs.com/pengjiali/p/18160817,25.9
63,https://www.cnblogs.com/rottenorange-cn/p/18160806,22.04
64,https://www.cnblogs.com/lubians/p/18160720,33.05
65,https://www.cnblogs.com/yunqishequ/p/18160226,25.94
66,https://www.cnblogs.com/jzcn/p/18157890,20.38
67,https://www.cnblogs.com/blog470130547/p/18160138,20.3
68,https://www.cnblogs.com/1000hours/p/18160035,19.78
69,https://www.cnblogs.com/integratedproductdevelopment/p/18159937,19.39
70,https://www.cnblogs.com/marsitman/p/18159748,19.19
71,https://www.cnblogs.com/vivotech/p/18158106,46.98
72,https://www.cnblogs.com/txrock/p/18159596,19.81
73,https://www.cnblogs.com/zhangwencheng/p/17894709.html,29.12
74,https://www.cnblogs.com/fkxxgis/p/18159337,31.35
75,https://www.cnblogs.com/SRIGT/p/18159320,59.13
76,https://www.cnblogs.com/edgemaster/p/18159294,28.68
77,https://www.cnblogs.com/wtzbk/p/18158640,32.22
78,https://www.cnblogs.com/kdaddy/p/18159254,24.25
79,https://www.cnblogs.com/javaguide/p/18159253,21.05
80,https://www.cnblogs.com/lindexi/p/17925826.html,41.51
81,https://www.cnblogs.com/enjoyall/p/18159220,18.55
82,https://www.cnblogs.com/shanyou/p/18159206,19.67
83,https://www.cnblogs.com/hezp/p/18156704,24.92
84,https://www.cnblogs.com/nicaicai/p/18159091,22.45
85,https://www.cnblogs.com/ruanchunyi/p/18158775,48.27
86,https://www.cnblogs.com/androidsuperman/p/18158760,17.95
87,https://www.cnblogs.com/nicaicai/p/18158695,19.85
88,https://www.cnblogs.com/mengrennwpu/p/18158624,72.01
89,https://www.cnblogs.com/xiaowange/p/18158622,19.05
90,https://www.cnblogs.com/CH13hh/p/18158419,25.87
91,https://www.cnblogs.com/shuofxz/p/18158541,24.53
92,https://www.cnblogs.com/jokingremarks/p/18158530,21.38
93,https://www.cnblogs.com/a-xu/p/18158513,18.45
94,https://www.cnblogs.com/feffery/p/18158285,21.5
95,https://www.cnblogs.com/flydean/p/18158261,22.08
96,https://www.cnblogs.com/dyccyber/p/18158201,27.87
97,https://www.cnblogs.com/paw5zx/p/18158190,25.18
98,https://www.cnblogs.com/yfrs/p/18158159/postman_test,21.45
99,https://www.cnblogs.com/yunqishequ/p/18158151,41.76
100,https://www.cnblogs.com/yangmeichong/p/18158108,49.52
101,https://www.cnblogs.com/luomingui/p/18157938,24.31
102,https://www.cnblogs.com/cj94/p/18157967,19.08
103,https://www.cnblogs.com/TheShore/p/18157701,17.85
104,https://www.cnblogs.com/huaweiyun/p/18157704,30.22
105,https://www.cnblogs.com/xiao2shiqi/p/18157596,21.98
106,https://www.cnblogs.com/lzhdim/p/18141327,51.06
107,https://www.cnblogs.com/xueweihan/p/18156863,26.11
108,https://www.cnblogs.com/ywang-wnlo/p/18157248,20.54
109,https://www.cnblogs.com/flytree/p/18157098,39.65
110,https://www.cnblogs.com/cyq1162/p/18123872,30.17
111,https://www.cnblogs.com/wuhanjiayou/p/18157075/Mario,18.96
112,https://www.cnblogs.com/mangod/p/18156918,24.37
113,https://www.cnblogs.com/qm1412/p/18156902,35.09
114,https://www.cnblogs.com/KubeExplorer/p/18156889,25.73
115,https://www.cnblogs.com/lindexi/p/18086533,23.28
116,https://www.cnblogs.com/huaweiyun/p/18156802,24.35
117,https://www.cnblogs.com/ruipeng/p/18154605,23.67
118,https://www.cnblogs.com/wlovet/p/18156099,30.41
119,https://www.cnblogs.com/Can-daydayup/p/18156613,63.33
120,https://www.cnblogs.com/bossma/p/18156741,30.29
121,https://www.cnblogs.com/kagol/p/18156730,22.07
122,https://www.cnblogs.com/lori/p/18128023,23.75
123,https://www.cnblogs.com/mazey/p/18156657,24.91
124,https://www.cnblogs.com/yuzhijian/p/18156615,63.92
125,https://www.cnblogs.com/jiangyun/p/18156574,23.35
126,https://www.cnblogs.com/CDRPS/p/18156533,25.38
127,https://www.cnblogs.com/alex0815/p/18156525,21.97
128,https://www.cnblogs.com/xachary/p/18156521,23.68
129,https://www.cnblogs.com/farwish/p/18156488,16.82
130,https://www.cnblogs.com/Can-daydayup/p/18156426,22.47
131,https://www.cnblogs.com/InCerry/p/18156400/dotnet_week_24_4_2,62.5
132,https://www.cnblogs.com/CH13hh/p/18156267,20.78
133,https://www.cnblogs.com/muqiqiang/p/18156117,36.72
134,https://www.cnblogs.com/F12-blog/p/18156091,40.67
135,https://www.cnblogs.com/ruanchunyi/p/18156080,28.06
136,https://www.cnblogs.com/wangjiming/p/17926779.html,30.07
137,https://www.cnblogs.com/songyao666/p/18155567,24.91
138,https://www.cnblogs.com/yunqishequ/p/18155481,26.68
139,https://www.cnblogs.com/VincentLee/p/18155095,28.92
140,https://www.cnblogs.com/fkxxgis/p/18154698,26.05
141,https://www.cnblogs.com/isharetech/p/18154673,25.09
142,https://www.cnblogs.com/JulianHuang/p/18154545,23.05
143,https://www.cnblogs.com/guoxiaoyu/p/18146848,24.33
144,https://www.cnblogs.com/du-hong/p/17835463.html,34.6
145,https://www.cnblogs.com/IwishIcould/p/18154373,28.44
146,https://www.cnblogs.com/lzhdim/p/18141315,52.4
147,https://www.cnblogs.com/jinjiangongzuoshi/p/18154374,21.46
148,https://www.cnblogs.com/niumoo/p/18154340,24.03
149,https://www.cnblogs.com/MeteorSeed/p/18151950,20.33
150,https://www.cnblogs.com/nicaicai/p/18154248,23.93
151,https://www.cnblogs.com/MikeZhang/p/18154182/opCallPy20240423,28.6
152,https://www.cnblogs.com/shudaoshan/p/18153964,20.26
153,https://www.cnblogs.com/pkuqcy/p/18153681,20.44
154,https://www.cnblogs.com/hohoa/p/18153700,31.82
155,https://www.cnblogs.com/Can-daydayup/p/18127900,26.59
156,https://www.cnblogs.com/edisonfish/p/18153564,20.58
157,https://www.cnblogs.com/ranxi169/p/18153456,22.59
158,https://www.cnblogs.com/huggingface/p/18153421,29.61
159,https://www.cnblogs.com/isharetech/p/18153369,28.81
160,https://www.cnblogs.com/rottenorange-cn/p/18153101,21.88
161,https://www.cnblogs.com/heavenYJJ/p/18152728,37.41
162,https://www.cnblogs.com/mingupupu/p/18153025,20.66
163,https://www.cnblogs.com/mysticbinary/p/18126319,27.14
164,https://www.cnblogs.com/Jerry9521/p/18152715,27.38
165,https://www.cnblogs.com/MengWoods/p/18152772,29.95
166,https://www.cnblogs.com/cmt/p/18152665,17.95
167,https://www.cnblogs.com/VincentLee/p/18152682,29.51
168,https://www.cnblogs.com/bossma/p/18151375,29.78
169,https://www.cnblogs.com/du-hong/p/17831039.html,31.62
170,https://www.cnblogs.com/flydean/p/18152608,26.53
171,https://www.cnblogs.com/wuhanjiayou/p/18152457/TailChat,25.92
172,https://www.cnblogs.com/PatrickLiu/p/18120588,875.26
173,https://www.cnblogs.com/linxin/p/18152364,23.98
174,https://www.cnblogs.com/huaweiyun/p/18152120,34.05
175,https://www.cnblogs.com/sowler/p/18152081,26.1
176,https://www.cnblogs.com/satellitele/p/18152060,25.63
177,https://www.cnblogs.com/xueweihan/p/18152011,25.15
178,https://www.cnblogs.com/ruipeng/p/18150505,22.54
179,https://www.cnblogs.com/tenleft/p/18150643,24.82
180,https://www.cnblogs.com/aehyok/p/18151963,34.86
181,https://www.cnblogs.com/jiujiubashiyi/p/18151965,24.05
182,https://www.cnblogs.com/jokingremarks/p/18151827,21.78
183,https://www.cnblogs.com/linweiwang/p/18151805,41.75
184,https://www.cnblogs.com/daxnet/p/18148133,30.77
185,https://www.cnblogs.com/yue0day/p/18151737,38.0
186,https://www.cnblogs.com/xiaowange/p/18151512,18.78
187,https://www.cnblogs.com/Wayne123/p/18151463,20.01
188,https://www.cnblogs.com/easy1996/p/18151419,19.28
189,https://www.cnblogs.com/F12-blog/p/18151239,36.45
190,https://www.cnblogs.com/FatTiger4399/p/18146367,39.58
191,https://www.cnblogs.com/ITnoteforlsy/p/18148656,23.99
192,https://www.cnblogs.com/isharetech/p/18150815,22.34
193,https://www.cnblogs.com/mingupupu/p/18150708,19.88
194,https://www.cnblogs.com/fanshaoO/p/18128770,20.95
195,https://www.cnblogs.com/feffery/p/18128958,19.86
196,https://www.cnblogs.com/fkxxgis/p/18150594,22.38
197,https://www.cnblogs.com/crossoverJie/p/18150585,24.26
198,https://www.cnblogs.com/VincentLee/p/18150445,32.45
199,https://www.cnblogs.com/du-hong/p/17835685.html,26.25
200,https://www.cnblogs.com/beckyyyy/p/18150425,37.14
201,https://www.cnblogs.com/thisiswhy/p/18150414,59.99
202,https://www.cnblogs.com/flydean/p/18150293,21.08
203,https://www.cnblogs.com/cmt/p/18150234,20.8
204,https://www.cnblogs.com/pengjiali/p/18150115,46.9
205,https://www.cnblogs.com/strick/p/17894572.html,22.21
206,https://www.cnblogs.com/ryanyangcs/p/18150072,22.86
207,https://www.cnblogs.com/huaweiyun/p/18150020,44.09
208,https://www.cnblogs.com/jinjiangongzuoshi/p/18095879,19.94
209,https://www.cnblogs.com/lzhdim/p/18141286,53.3
210,https://www.cnblogs.com/JavaBuild/p/18149963,20.76
211,https://www.cnblogs.com/aehyok/p/18149902,23.86
212,https://www.cnblogs.com/guoxiaoyu/p/18145286,20.48
213,https://www.cnblogs.com/zhiyong-ITNote/p/18149938,24.84
214,https://www.cnblogs.com/tianqing/p/18148759,37.61
215,https://www.cnblogs.com/xueweihan/p/18149883,23.31
216,https://www.cnblogs.com/ruipeng/p/18149582,23.28
217,https://www.cnblogs.com/xiezhr/p/18149930,22.93
218,https://www.cnblogs.com/marsitman/p/18149921,20.22
219,https://www.cnblogs.com/yizhuqing/p/18149561,19.25
220,https://www.cnblogs.com/Can-daydayup/p/18149160,24.24
221,https://www.cnblogs.com/smx886/p/18149775,46.98
222,https://www.cnblogs.com/aka-chestnut/p/18149765,32.04
223,https://www.cnblogs.com/reid21/p/18149759,17.98
224,https://www.cnblogs.com/MikeZhang/p/18149669/opdr20240421,39.78
225,https://www.cnblogs.com/henjay724/p/18149514,22.99
226,https://www.cnblogs.com/cmt/p/18148611,18.78
227,https://www.cnblogs.com/killianxu/p/18149413,21.97
228,https://www.cnblogs.com/longronglang/p/18149398,26.91
229,https://www.cnblogs.com/zhoulujun/p/18149299,23.47
230,https://www.cnblogs.com/chaogex/p/18149254,26.48
231,https://www.cnblogs.com/Iflyinsky/p/18149167,60.51
232,https://www.cnblogs.com/fhey/p/18129258,23.81
233,https://www.cnblogs.com/aqi00/p/18132687,24.99
234,https://www.cnblogs.com/isharetech/p/18148736,21.84
235,https://www.cnblogs.com/JavaBuild/p/18148726,22.12
236,https://www.cnblogs.com/xuzeyu/p/18148685,21.83
237,https://www.cnblogs.com/coderzdz/p/18148683,21.53
238,https://www.cnblogs.com/juking/p/18148657,24.33
239,https://www.cnblogs.com/leesf456/p/18148591,26.25
240,https://www.cnblogs.com/marsitman/p/18148562,19.6
241,https://www.cnblogs.com/yzwxd/p/18148425,19.72
242,https://www.cnblogs.com/shanyou/p/18148423,22.29
243,https://www.cnblogs.com/tcjiaan/p/18147955,70.88
244,https://www.cnblogs.com/daemon365/p/18148358,35.2
245,https://www.cnblogs.com/qianzhu/p/18148233,22.94
246,https://www.cnblogs.com/F12-blog/p/18148192,57.49
247,https://www.cnblogs.com/liqi/p/18148138,21.21
248,https://www.cnblogs.com/shudaoshan/p/18148109,22.38
249,https://www.cnblogs.com/marsitman/p/18147134,18.91
250,https://www.cnblogs.com/niu525/p/18147922,20.09
251,https://www.cnblogs.com/mingupupu/p/18147819,24.55
252,https://www.cnblogs.com/Can-daydayup/p/18147747,24.27
253,https://www.cnblogs.com/wuchen9527/p/18147718,19.13
254,https://www.cnblogs.com/east4ming/p/18147703,30.16
255,https://www.cnblogs.com/yuzhijian/p/18140818,83.03
256,https://www.cnblogs.com/isharetech/p/18147543,21.58
257,https://www.cnblogs.com/kzx1019/p/18147497,34.49
258,https://www.cnblogs.com/xachary/p/18147185,34.96
259,https://www.cnblogs.com/vipwan/p/18129361,22.91
260,https://www.cnblogs.com/deali/p/18147029,20.84
261,https://www.cnblogs.com/xiaowange/p/18146721,24.7
262,https://www.cnblogs.com/cnb-yuchen/p/18146625,19.64
263,https://www.cnblogs.com/gmmy/p/18146496,18.58
264,https://www.cnblogs.com/hosseini/p/18146328,24.25
265,https://www.cnblogs.com/timefiles/p/18146188,23.68
266,https://www.cnblogs.com/gggod/p/18145831,20.26
267,https://www.cnblogs.com/hk416hasu/p/18145573,17.62
268,https://www.cnblogs.com/fkxxgis/p/18145575,20.54
269,https://www.cnblogs.com/VincentLee/p/18145569,28.4
270,https://www.cnblogs.com/ting1/p/18145360,30.45
271,https://www.cnblogs.com/Vsinger-LuoTianYi/p/18136248,46.33
272,https://www.cnblogs.com/isharetech/p/18145338,23.01
273,https://www.cnblogs.com/mingupupu/p/18145295,31.75
274,https://www.cnblogs.com/37Y37/p/18145250,19.79
275,https://www.cnblogs.com/vivotech/p/18145198,40.95
276,https://www.cnblogs.com/kdaddy/p/18145190,22.02
277,https://www.cnblogs.com/cyq1162/p/18133417,30.46
278,https://www.cnblogs.com/huaweiyun/p/18145173,29.67
279,https://www.cnblogs.com/libinscloud/p/18145150,22.76
280,https://www.cnblogs.com/lzhdim/p/18120185,51.44
281,https://www.cnblogs.com/hezp/p/18142099,23.71
282,https://www.cnblogs.com/bossma/p/18145017,32.88
283,https://www.cnblogs.com/ruipeng/p/18141877,28.55
284,https://www.cnblogs.com/jiujiubashiyi/p/18144295,24.63
285,https://www.cnblogs.com/fanzhenyong/p/18141041,45.09
286,https://www.cnblogs.com/flydean/p/18144787,22.15
287,https://www.cnblogs.com/DinAction/p/18144756,21.29
288,https://www.cnblogs.com/zhouyc/p/18144726,24.96
289,https://www.cnblogs.com/freephp/p/18144636,18.28
290,https://www.cnblogs.com/freeweb/p/18144606,38.53
291,https://www.cnblogs.com/LiuXinyu12378/p/18144455,34.55
292,https://www.cnblogs.com/deeplearningmachine/p/18144458,21.98
293,https://www.cnblogs.com/Amd794/p/18144449,31.22
294,https://www.cnblogs.com/F12-blog/p/18144377,34.63
295,https://www.cnblogs.com/shudaoshan/p/18144341,31.96
296,https://www.cnblogs.com/liuzx8888/p/18144271,20.35
297,https://www.cnblogs.com/zhangmingcheng/p/18143353,30.08
298,https://www.cnblogs.com/wlovet/p/18143730,31.48
299,https://www.cnblogs.com/willian/p/18143964,25.74
300,https://www.cnblogs.com/hassle/p/18143924,20.06
301,https://www.cnblogs.com/houxianzhou/p/18143925,23.01
302,https://www.cnblogs.com/feixiangmanon/p/18137318,19.49
303,https://www.cnblogs.com/timefiles/p/18143763,23.11
304,https://www.cnblogs.com/zh-jp/p/18143700,21.82
305,https://www.cnblogs.com/dechinphy/p/18143594/auto-grad,24.45
306,https://www.cnblogs.com/ting1/p/18143613,33.9
307,https://www.cnblogs.com/primihub/p/18143597,19.2
308,https://www.cnblogs.com/xiaoqi/p/18143552/bge-m3,28.13
309,https://www.cnblogs.com/cyzf/p/18143537,38.82
310,https://www.cnblogs.com/chengxy-nds/p/18143481,30.67
311,https://www.cnblogs.com/lori/p/18143424,21.89
312,https://www.cnblogs.com/jingliangxiaozi/p/18143143,27.97
313,https://www.cnblogs.com/taoxiaoxin/p/18143272,31.77
314,https://www.cnblogs.com/isharetech/p/18143254,22.98
315,https://www.cnblogs.com/heavenYJJ/p/18142035,39.62
316,https://www.cnblogs.com/coco1s/p/18142894,30.25
317,https://www.cnblogs.com/coderacademy/p/18142867,20.98
318,https://www.cnblogs.com/niumoo/p/18142809,24.37
319,https://www.cnblogs.com/wzh2010/p/18031168,22.08
320,https://www.cnblogs.com/youzhibing/p/18104262,92.37
321,https://www.cnblogs.com/xueweihan/p/18142179,26.52
322,https://www.cnblogs.com/yizhuqing/p/18140050,21.79
323,https://www.cnblogs.com/Can-daydayup/p/18142045,29.46
324,https://www.cnblogs.com/Earen/p/18141863,18.19
325,https://www.cnblogs.com/passion2021/p/18142036,26.02
326,https://www.cnblogs.com/evesama/p/18142003,22.04
327,https://www.cnblogs.com/Yichensec/p/18141979/GJ_002,33.84
328,https://www.cnblogs.com/vipstone/p/18141767,19.55
329,https://www.cnblogs.com/lulight/p/18141734,30.69
330,https://www.cnblogs.com/timefiles/p/18141688,25.72
331,https://www.cnblogs.com/pengjiali/p/18141648,45.34
332,https://www.cnblogs.com/tcjiaan/p/18138995,32.55
333,https://www.cnblogs.com/dechinphy/p/18140812/kde,25.97
334,https://www.cnblogs.com/lsjwq/p/18141170,22.55
335,https://www.cnblogs.com/liulangg/p/18140748,26.09
336,https://www.cnblogs.com/androidsuperman/p/18140928,26.51
337,https://www.cnblogs.com/nebulagraph/p/18140715,20.91
338,https://www.cnblogs.com/gggod/p/18140592,19.53
339,https://www.cnblogs.com/lm970585581/p/18140564,59.91
340,https://www.cnblogs.com/isharetech/p/18140342,31.53
341,https://www.cnblogs.com/coredx/p/18138360,91.95
342,https://www.cnblogs.com/hywang1211/p/18132528,22.82
343,https://www.cnblogs.com/huangxincheng/p/18140261,24.7
344,https://www.cnblogs.com/liulangg/p/18139940,21.13
345,https://www.cnblogs.com/lzhdim/p/18122548,51.8
346,https://www.cnblogs.com/fkxxgis/p/18139839,21.6
347,https://www.cnblogs.com/savorboard/p/18139824/cap-8-1,21.75
348,https://www.cnblogs.com/12lisu/p/18139805,22.6
349,https://www.cnblogs.com/huaweiyun/p/18139796,44.84
350,https://www.cnblogs.com/ruipeng/p/18138134,29.81
351,https://www.cnblogs.com/Can-daydayup/p/18136908,23.11
352,https://www.cnblogs.com/aaronlinv/p/18139180,21.52
353,https://www.cnblogs.com/huggingface/p/18139603,25.52
354,https://www.cnblogs.com/hnzhengfy/p/Nginx.html,61.71
355,https://www.cnblogs.com/xachary/p/18139413,23.67
356,https://www.cnblogs.com/xiaowange/p/18139314,19.11
357,https://www.cnblogs.com/lulight/p/18139143,33.1
358,https://www.cnblogs.com/taoxiaoxin/p/18139003,38.5
359,https://www.cnblogs.com/flydean/p/18138905,21.24
360,https://www.cnblogs.com/isharetech/p/18138901,25.85
361,https://www.cnblogs.com/anxin1225/p/18138704,17.01
362,https://www.cnblogs.com/vipwan/p/18138649,21.53
363,https://www.cnblogs.com/qingxi11/p/18138196,23.57
364,https://www.cnblogs.com/huaweiyun/p/18138245,73.33
365,https://www.cnblogs.com/shudaoshan/p/18138027,33.48
366,https://www.cnblogs.com/primihub/p/18137905,19.34
367,https://www.cnblogs.com/VincentLee/p/18137885,24.14
368,https://www.cnblogs.com/songyao666/p/18137857,23.01
369,https://www.cnblogs.com/KubeExplorer/p/18137840,32.86
370,https://www.cnblogs.com/wuhanjiayou/p/18137736/instantbox,21.97
371,https://www.cnblogs.com/dechinphy/p/18135588/tkinter1,39.62
372,https://www.cnblogs.com/mingupupu/p/18137691,24.22
373,https://www.cnblogs.com/aoximin/p/18134418,23.48
374,https://www.cnblogs.com/javaguide/p/18137667,18.83
375,https://www.cnblogs.com/cyq1162/p/18135830,49.39
376,https://www.cnblogs.com/liwen01/p/18137617,40.78
377,https://www.cnblogs.com/dreampursuer/p/18137611,26.63
378,https://www.cnblogs.com/CodeBlogMan/p/18135597,23.82
379,https://www.cnblogs.com/zhiyong-ITNote/p/18137519,19.55
380,https://www.cnblogs.com/coderacademy/p/18137480,28.06
381,https://www.cnblogs.com/crossoverJie/p/18137419,31.41
382,https://www.cnblogs.com/wzh2010/p/18030866,27.45
383,https://www.cnblogs.com/huaweiyun/p/18137383,41.21
384,https://www.cnblogs.com/JulianHuang/p/18137189,25.67
385,https://www.cnblogs.com/xueweihan/p/18137334,24.3
386,https://www.cnblogs.com/JavaBuild/p/18137327,21.88
387,https://www.cnblogs.com/nicaicai/p/18137315,20.71
388,https://www.cnblogs.com/Sharemaker/p/18137037,82.79
389,https://www.cnblogs.com/jingridong/p/18136988,18.56
390,https://www.cnblogs.com/pythonista/p/18136957,19.36
391,https://www.cnblogs.com/Can-daydayup/p/18136924,23.39
392,https://www.cnblogs.com/lubians/p/18136877,24.01
393,https://www.cnblogs.com/FatTiger4399/p/18136070,29.79
394,https://www.cnblogs.com/edisonfish/p/18136713,22.17
395,https://www.cnblogs.com/xiao2shiqi/p/18136541,20.98
396,https://www.cnblogs.com/liyier/p/18136458,34.79
397,https://www.cnblogs.com/WindrunnerMax/p/18135375,28.63
398,https://www.cnblogs.com/gggod/p/18136268,63.41
399,https://www.cnblogs.com/huaweiyun/p/18136051,41.5
400,https://www.cnblogs.com/tututut/p/18125357,26.85
401,https://www.cnblogs.com/xiaoqi/p/18135929/sparse_retrieval,25.46
402,https://www.cnblogs.com/F12-blog/p/18135789,24.38
403,https://www.cnblogs.com/thisiswhy/p/18135723,44.15
404,https://www.cnblogs.com/isharetech/p/18135696,31.88
405,https://www.cnblogs.com/aoximin/p/18068563,20.81
406,https://www.cnblogs.com/cmt/p/18133891,17.29
407,https://www.cnblogs.com/fkxxgis/p/18135402,20.9
408,https://www.cnblogs.com/WindrunnerMax/p/18135372,24.9
409,https://www.cnblogs.com/tangshiye/p/18135241,18.71
410,https://www.cnblogs.com/cyq1162/p/18133303,29.41
411,https://www.cnblogs.com/lzhdim/p/18133842,52.81
412,https://www.cnblogs.com/liyier/p/18135209,24.14
413,https://www.cnblogs.com/coderacademy/p/18135195,27.33
414,https://www.cnblogs.com/MeteorSeed/p/18133834,19.2
415,https://www.cnblogs.com/yizhuqing/p/18135155,20.47
416,https://www.cnblogs.com/paw5zx/p/18135154,22.44
417,https://www.cnblogs.com/jinjiangongzuoshi/p/18135153,21.47
418,https://www.cnblogs.com/huaweiyun/p/18135137,111.03
419,https://www.cnblogs.com/makemylife/p/18135130,26.65
420,https://www.cnblogs.com/chenyishi/p/18135125,29.59
421,https://www.cnblogs.com/ruipeng/p/18134907,28.38
422,https://www.cnblogs.com/thesungod/p/18134774,42.17
423,https://www.cnblogs.com/Yichensec/p/18134684/GJ_001,50.61
424,https://www.cnblogs.com/vigourice/p/18134646,25.86
425,https://www.cnblogs.com/shanyou/p/18134625,22.55
426,https://www.cnblogs.com/F12-blog/p/18134605,26.72
427,https://www.cnblogs.com/zjdxr-up/p/18134532,33.26
428,https://www.cnblogs.com/zhouyc/p/18134498,26.87
429,https://www.cnblogs.com/JavaBuild/p/18134174,22.81
430,https://www.cnblogs.com/cmt/p/18134064,17.41
431,https://www.cnblogs.com/wangxiaomeidegou/p/18133992,37.74
432,https://www.cnblogs.com/isharetech/p/18133909,19.21
433,https://www.cnblogs.com/kdaddy/p/18133847,22.68
434,https://www.cnblogs.com/yyyyfly/p/18125665,32.76
435,https://www.cnblogs.com/Can-daydayup/p/18133597,20.82
436,https://www.cnblogs.com/Alandre/p/18133689,18.39
437,https://www.cnblogs.com/jevonsflash/p/18133608,44.82
438,https://www.cnblogs.com/zjdxr-up/p/18132951,36.25
439,https://www.cnblogs.com/tcjiaan/p/18132688,23.4
440,https://www.cnblogs.com/lubians/p/18133492,42.51
441,https://www.cnblogs.com/JavaBuild/p/18133329,20.54
442,https://www.cnblogs.com/shudaoshan/p/18133326,27.92
443,https://www.cnblogs.com/F12-blog/p/18133122,25.05
444,https://www.cnblogs.com/kaede31416/p/18133113,32.55
445,https://www.cnblogs.com/johnnyzen/p/18133094,34.24
446,https://www.cnblogs.com/daxnet/p/18132246,23.85
447,https://www.cnblogs.com/CrescentWind/p/18132934,45.66
448,https://www.cnblogs.com/zjdxr-up/p/18132882,25.33
449,https://www.cnblogs.com/nkupp/p/18131297,18.46
450,https://www.cnblogs.com/xiaoyangjia/p/18132722,32.9
451,https://www.cnblogs.com/YLTFY1998/p/18132711,31.83
452,https://www.cnblogs.com/isharetech/p/18132696,21.91
453,https://www.cnblogs.com/gogoSandy/p/18132683,22.46
454,https://www.cnblogs.com/chillsrc/p/18132594,30.79
455,https://www.cnblogs.com/jijunjian/p/18132500,33.87
456,https://www.cnblogs.com/Earen/p/18132270,19.7
457,https://www.cnblogs.com/huiyuanai709/p/18132266/sm2_sign_verify,19.3
458,https://www.cnblogs.com/huggingface/p/18132249,20.69
459,https://www.cnblogs.com/xiaowange/p/18132241,19.61
460,https://www.cnblogs.com/xiaoyan2017/p/18132176,51.28
461,https://www.cnblogs.com/RainbowC0/p/18132081,22.78
462,https://www.cnblogs.com/juniormu/p/18127219,35.62
463,https://www.cnblogs.com/F12-blog/p/18131128,28.36
464,https://www.cnblogs.com/bluedoctor/p/18131869,18.58
465,https://www.cnblogs.com/shudaoshan/p/18131798,27.18
466,https://www.cnblogs.com/gclove2000/p/18130874,27.33
467,https://www.cnblogs.com/DengWhichone/p/18131579,31.38
468,https://www.cnblogs.com/fkxxgis/p/18131223,24.25
469,https://www.cnblogs.com/nkupp/p/18131199/scriptable,51.28
470,https://www.cnblogs.com/cyq1162/p/18130979,45.15
471,https://www.cnblogs.com/beckyyyy/p/18130958,23.08
472,https://www.cnblogs.com/fanshaoO/p/18130928,17.84
473,https://www.cnblogs.com/xiaoniuhululu/p/18130983,34.05
474,https://www.cnblogs.com/VincentLee/p/18130975,23.37
475,https://www.cnblogs.com/F12-blog/p/18129942,30.0
476,https://www.cnblogs.com/isharetech/p/18130921,23.75
477,https://www.cnblogs.com/ting1/p/18130878,38.95
478,https://www.cnblogs.com/jicey/p/18130816,52.04
479,https://www.cnblogs.com/cmt/p/18130690,17.58
480,https://www.cnblogs.com/muqiqiang/p/18130765,35.04
481,https://www.cnblogs.com/huggingface/p/18130681,46.28
482,https://www.cnblogs.com/dechinphy/p/18129473/qubo_docking,25.54
483,https://www.cnblogs.com/yjf512/p/18130596,22.34
484,https://www.cnblogs.com/xfuture/p/18130576,22.07
485,https://www.cnblogs.com/huaweiyun/p/18130446,40.27
486,https://www.cnblogs.com/ruipeng/p/18130083,53.32
487,https://www.cnblogs.com/MeteorSeed/p/18130331,22.33
488,https://www.cnblogs.com/xiezhr/p/18130394,21.6
489,https://www.cnblogs.com/yywf/p/18130286,22.86
490,https://www.cnblogs.com/isharetech/p/18129417,29.74
491,https://www.cnblogs.com/henjay724/p/18111727,26.98
492,https://www.cnblogs.com/shudaoshan/p/18130192,19.77
493,https://www.cnblogs.com/cry0-0/p/18130189,29.96
494,https://www.cnblogs.com/xachary/p/18130149,19.71
495,https://www.cnblogs.com/InCerry/p/18130074/dotnet_week_24_4_1,46.33
496,https://www.cnblogs.com/yygmind/p/18130020,19.24
497,https://www.cnblogs.com/vic-tory/p/18130002,24.13
498,https://www.cnblogs.com/yswenli/p/18129891,40.11
499,https://www.cnblogs.com/F12-blog/p/18129839,33.06
500,https://www.cnblogs.com/AzathothLXL/p/18129467,21.74
